{"file_hashes":[{"block_hashes":["7AsJWOvPjJqZrg7IQhbcHNP1SEGCjBAYPO/tgY9c0O0=","Y/Kry6QeZZG7HNLUglRNmrmjXJ1sSxt1Y6zKZWc7/QQ=","+6Zy5IYOJEED+VUNbnX8YMvMh9gfkoIvCoTU98nLKBI=","Z2F/5JwoJjYLe2LcB13P83d9+A1r5uX/2VxYxGsKWD4=","a0gPO7am3czmLGS+dFjrNbzsCWSp8vtTitfsHcA81xw=","z2hkrhNGBQNUDq5LTdVuCQI8FVqJDlohfv2XJB9uWO8=","Eog/fa3iPpaUdultrGAqbLs17So3HV8aiXpFaxGYzvs=","A/l4XdUvjqcd1DQ+JlAMEfSA9F0PUZ8IaxeMJWQQTEM=","Ei4evFB8J7KyoU+2aX8Y8IGGB6KVaxMMJIml6xOBD8w=","jQwBDU16/ETy5Z3Ilv117Q95S3ptj3KJ4cd00oiMsOo=","4nKpTYkVKG9ck/jeQUregj3uAGIR3YyuvPByDDK5sZA=","AyCbAWYAPHfDyn0IqxiTCg/gcERL37zYg2p7H7I3Bdw=","QeRv4zYHncBZlISlcxbkQSdY1sMzFUYnNBG9e72gxpU=","4c4kH/ZYyl8Clpovha1y10UhjI6qIEcrVTC9O4bULHI=","aLla+yxv+o8tMEHmDcn3htYXey2UH8eUrpGmgcKxH6E=","48GHVEFtOTI8AkKvsp9FE9dEbLw0kOP8WK6nW5kyVmQ=","2vI0fe1EaoOvuEVvxM2aECHxF8JwdAy9Ibxo5CCc3DU=","zQWmVcHdgoY8Z2GB+cq913dGdSzH5QkBvHR+zU/KzYI=","fg83TyzSll+wqIl/ITVNGBT6LZNt04/KHsHnoE0Gsj8=","q8Zx+UakJbFMS9MgbcQG6kd4K+Y/5jamKljbcVE+Wu8=","H8RSv1o6gsCNjhFgu2eYwa4P/xLgzDQ3e+tKGSVj6Q8=","XZ2EHZKnsEksmCbdlWYSHgJtpvArNLIt5xzlxUUUffA=","i5sXXl3A/yEFV4m+XcirEXYAfZBUFXQXEbRHqcHHej8=","962vb12ECHCFz5ahHL4H0/y7Im8QU7sFtGEBqhEZ4x8=","ufDbvjQGbb2dU5m5F7SqK0P9cyvQ8fAtKtqSHvgAmqc=","TOnqeCEUtY3wTuSHIBe3uXdX3lrFdNhOuNhK7GGt9ss=","4BxjhIfvwi8VKoc0ZSNyLXzX5OOcw/zEhyj6inzlWwo=","fPu7GwRtmurLy8/r2cPufWSb1qSXooEfqw2oTO1YSmk=","4dIB4x9IB4YA4KttTpqmEn9EaWIMOr283urme4Wyz3k=","2OAH5skdcv0EEfvGRaH8XND7hJpsYTP6g/yBOZOgKtg=","fukLhD00MXC9g7w63jjSW2lWRhYX/41oHdBAqKDR598=","YnMrsch0TVAIOL3KEjMxQWIhQuN6pbINcKzKqLA6WQg=","crJBGXHNGTDuUu8yHddAGHM+JkTget1Mt7w3NfN76R4=","R4PKlXlHRMK0MOe2GCIVzEr3wp3MbXYSb3UvKNCBtg8=","kr0KxgZWR1gmA3w0sWm0wVrVpbyUyoMjXCjM+kVSD94=","CcutOeuowpOrD3IWw7Ox01UmH9gBGn23xb987hHJifE=","/P5PU+eVu4KcjUvD8cIKQRvrajYmHd0xq6F/5TDN6rA=","7vKGaIwdEHqIBDdZ1vzDQEMUIpznmB8uC+r6M12Fx04=","xFzUF9lF2Et+s4JOueG34TvKq9twXp0QLPjHmqvC6l8=","rSzopvJQyNaxw1/yja+h91D6q7kV/rjwRp+Q2WIY/kY=","W7oz8jhga2jqywokJEdP8Z/VdL0iPBII8tRS/RCtZpE=","ItJ/Gbm5HpKsInYfh+1ECagFy94hw4zWkb9yV6zKa1U=","/WLmMw1ieUrH4vFRA9+iRkYN21K7mgeBaWeJNfvBesU=","cG89V1NKpI8bURQSdOKjOPoa7wu1zMx2+nvochZJ6P8=","wEo4mIJdcklcxAql43VkMUQf2X0My9rGz2UTkjoAeTg=","sK12RLqeRR35CzDwiQA3vEGZZdPmqo5JSK7lMLPIg3k=","Vv+kydIhdZFbMvhaBiPmvEfF/TE8pcpBXO7puhCMzrY=","Xo9zZiNe9giYtbiLqhCTTXPxTZb3DLhILnXWXzekuys=","eNfVGab6i+/WRbCq8kMVvUV3JPdi4oCE4yi8ELuzugU=","BG9fo6rAizE1as/WhBWxkkdSMQY+vGBKGLhPqXH9YB4=","7DnEsmaux4nUUDlVskFwOuSnpvYS1fcRErG4Xfaee/0=","z9uCdJThVRlbD6LXv5EFT7iC/ebc1t5SUUHiDthKVWs=","pwYKsKAmSrm3/zmngffUpQoEq++wMZ1vTl4Rjo0ayYo=","LN7RyOGD5mLOZo2qEMIY9ZUFJ3IEzDCqqMOr6ZyEf5A=","9CYWBjTtLVitRZOfbIyZ/q17Dc3s8IE9aY4IxzBZEXI=","jLifSMldyStTwMt+k4WxAisnkeJ3mTF7hgqjQX+7y5I=","qcligt62YCQ9QGottlmgWsCh5VdI30xToRFQzgxHFU0=","xI+MCrite2mxH38E327bS2BIBShGYynTLjtJLRybLjA=","8eJB8OmUaqkI712mKaVqUcTPdKq3ea1xJk72y6FUmHM=","Pjr0pvTlXfyLMEkO4SQ8ugbFSMQW0mZJssUWTC2pgaU=","P9V97z1xBafBJY/lSBec8Te38S5TxntBsi/c8j2Y5Fw=","aECPqEeBtQZBgbnQEbBsGSxN37yvHvXrTMX0mOGiyOg=","OVvu3dHA2YIlUggdiEjdGWdBFjiIV4FxububEBO3gds=","iPMsN5HSqh84QM/6aQQFfKFGbDPRhBFDQs+DVmHB6rU=","XRK3HDeYplKHO2Iw20iwJjOO+awB5f89dJmVZdJg8ZI=","d7/pkibdQqRnKjP3+zLpX0Y2LEocQnVfdJ4JSgu4XJw=","FeHGbFzvTJt/7ANiOMHvwVdVlKuJjyFKdwEnk0DRbIg=","IFHjs2q5p3riDEj9Sn0TvTdcRQJKL4EPIO0qvAYryk0=","grjPXC3BPQk3BKAsLoI081oxRkHMjnSExKZwx4P5g1w=","Q7Ob685NuOrn0WI26Dbdwlp9/dvJBoC9k7iy0U9EsiE=","MjTs8hCf+SKZHHlBUCreH//6X+a4TxIYeXdB3Nv4UK0=","XUZoLalhuc6YYGVoiWQflBlGkKckokCeXWBFBewvisw=","MglmzYI+dWgipzuzvzxmOi2eeU6LBbZcN5OC9FdFSK8=","w+LQMieaIr90cW1SAQ3/LNYbEb/PfcYWM6MfTSXwN7E=","ViJUx6nHlYFWfxadGpuNEemXWVLRVz0xboDG4OPaF7Q=","LaXrtQwC5FBUWtBVdZ5+UY6gKIq+rNw52C8QQEZp9RQ=","3YtDXqo5w9bOvR5He/WwZjbGexq3eWmA0lVCguNTyXo="],"block_size":4096,"path":"build/backend.js"},{"block_hashes":["7K7kd74KqFhcmQkbsD5EyJTL5sFrlo1t7AG/RDQmZVE=","nDkJEK+KzlFs1us8ykJUGOfuO1P9h1FLFJ+yxgYUofk=","lPZZQoft1OuTM6ZEIto7COzKkPRCMeSU7aRzVbvGN4Y=","qdVrNqZ/LegULL8E6//PYU9B6iYQg+Nkp59x0s+526s=","kGVO1XtiYipA3agNE89LMkD/yrcLDV8DqWwB6YIWHTk=","42HaWW7K5voWMpruapoXx3GdFrnjkkqWWLRpZO2uCk4=","UdTWMkIGjxc4aq/ZGFumFFtyPq3II94+yDfzjB55P5k=","NIW6PrpUXTZYyonKKoQUkOTTRUHBSSssXTh8rf7rzIQ=","LVmxnEBLFdzYAsVD4HLRXAwF+AUd7ygyHXpyVhc4fwM=","c4Dvtd0OcWUzITyX+XOWMBwq/4Nk4NI7GDesr+HpXtg=","NIRjgqt3zdc7adPRSHwETpWYKGl8ewMgIG8cPkh2Y9Y=","OT+xn+97EZCDOMyHe9XrF4qUDkrsUAJzU7ByrWo4BxM=","U7zuTrKD1WQm3IhEiNz64oBfMPY1dcUrncXpoPdAROU=","jSLnAShaYHkoKJfge+rLeIyy/X4rH9bNWEOhc7s+mo0=","+HGrbYi8P9gMOo9y4ba6SvQ0khHCAhTKPYIernHOKU8=","8wb1QIadYAiPbNVenm2o4zJfMyg+hzRDjawrMpzdIaQ=","pVOpn1HevWxkXgy47bXbtSg4a1MY7i3rzb4tD+1e+Yo=","K+KWTEKbjepQ2T32JGhzis4KfimgaEX2JlVHdsadTlQ=","2Yl2Mo3jPTpLUHzRluVQfXz1XBZYWuVXu71s4w0amFA=","VsJT2U5jkQnFcsLrRkqlo2olrfjrGy3RwxP8kW58YkA=","BnOLorcoF1mlODW/p7Xqs1U2AjGVg4e9JU+XUedZj+I="],"block_size":4096,"path":"build/background.js"},{"block_hashes":["euS5F1Q+v4xUvK9k3HbxkeGSL/WziEkb8XPEL/qMe/I=","PzLJPmrfZXr1NeeFh5m7dz5YzcGSm/tPRquBhuyBO8g=","tDwPXYlQxquX0pwwqvBBJ3nWKqiwRXNtAuNTdIYQKqY=","C+dnDTx1MdyiDef2z+25+su7Noaod8YuTPqyyFj8974=","qlEnJ6Y4AwWgtrBoZz/u0X+h99cBN7jA3xnuB/kar1Q=","4G+zg9SJ9xGaLyLmNIyDwNHNtSrjW7sW/eoRsnJo/GI=","eYEA/ZeWdHmNpqX2x//hfa5i8xSR8NgHy0YQ9SQlbM0=","YdHQpKwFacfErenelkqxxUTsC7qDPgFnZGxsUxeZTGk=","VZtHFgKT4poemQLFi8b0OQnGKsh1PUGhIgN0NItnYY0=","FwfjxTHDRVR3KmJaG8qody7kog4VCY2YGRf9QWlovSU=","bmDubHSaDdEPNvBMinpcS6PgDVY+aDjk58VR0nCUUZk=","CPOsU2AorQWuEH35mipHQtxnDeKQxXrSfocPvfqGeJI=","OvKcatVXo0U/j8lhRRcdES1SosWFGjCcu73dZZTQvGY=","6FwUOo6+dVQDpOeGYavH3YZ5uHUVmO8lwDKpwSUmFwA=","E+RH/g4gZ4YqhMpf7byII5nerdycTeISpOdlqnUA2wg="],"block_size":4096,"path":"build/content-script.js"},{"block_hashes":["M19PIsY3KHHJXClbMRHMmc99kubVO3jlpzWJpRqxzf4="],"block_size":4096,"path":"build/devtools.js"},{"block_hashes":["XG3sEIvy4FMBugzBKnW7+7Drz1we0KcGX5Yb8hPbpLU=","VEuBwDfADFK4eLoJLelxOGrGb/XJlTmYK9JwXy7KsSg=","V91Wd8xPVMSQC5uOovBAMCf3xHKwZNK2YpwShq7OF7Q=","uPEPkqVqbHm7/IBtnywVTPAYlZ9O9gpc/pxg2CxYGtw=","Z6bnZw0tI8fvjfm3vNhIeC5R/wa1Oe4e8ej3tB3rIgA=","G1hdRrO2tIgoncVLqUt9+rBpCumfDF2Jf3tF2HXvwq4=","VyRkm7DTLwecpL/VeStvzNX591fVmWaVxmdJsapf16U=","tprUIOGpl/L+E+lAhIkKBoNnsPRnEILyKusY+fTFHJU=","ll8Bb1IpcY0KsbdAwi3LRhiTbxbyet+J0dMJatOVvbw=","F3yUDKWM2yrI6RZDgkECPL3TnlbgJcxigsHCXfcQTVc=","mS9jeloKeTcnm5JEKc9pmWSaq0+iFneL7lDnDdsROig=","NDPMUF/q8UEBHqFqwkF6nxbU4EuDCW1EbkazTAX/tV0=","w3/T5amgizKv6TFtFIgNJQF9UXx0Ww1EKZYJ0z/COH0=","7tzqpWQaIhhi5dQnXvsbjXSfhx7wjWumVEHVFNbzB4g=","jaic8jKqaOVzBazdQsVgInLi0+tdEJgTWWpppLry7nY=","p0KeJoN6eYyW7yjLOzRQwo7O2NvM3FKAB+t3aNG24oE=","ZubICLjD9ptP3UQfy6sn7FRwspv50bEA+ZYqP+jqxAY=","fO958SV9HRhDW7xMwXVTXXHCHvM6FFdwjj1yDUXZxf8=","aRR1FNNtTFpLoassY/3Wjo3zR8OvgXYUdzks+3ryEoY=","rtsePJDec0rlUc2/HiDZIzorc218mb7wKs2P8qt0utM=","TkZXoNlLaDovjLoxe9gUPaCFcKb4IhRUPdUt37wc9fc=","nv1mJhI8ua2I+j4ieTZVS+T2UM3UNQOHwQ+dRmpeqDk=","HKPbIU5tsK59Ac4jzp2pAujVZwuGl3oT8Lok00EUDr8=","5548cF19zGkLEd2ZCDTj6XTBOnXrTKwECGSm1KXxgJw=","C6hyNUy3hnITm3zxTuhZVDX/ql93P0D9KhKq5M3CwM0=","s4po6kamqTvjfbGKmVFIPJF8BB3yLpgJt+zQyuFPqkE=","sn/GUVqMKg4+7M/vVe3daJmOd00mEI/unYJurTX8kC4=","8qlCI9sMitAbJQ1ZHsazKtKnYlo1UOheK0f4MoBwF8Y=","8qUWu/tW0VEemWBBSy7Z/19+egSIEUllqFCCnZ2FakQ=","TNARzRLYhgKfeHfBh7TbU+pSTYHXaXVNCvA39oAJK5s=","9UN3vW1HNyRcv1XPnUzRi1oSkhiYAxbovwmdnbSX7Zk=","AnoDonDAedEq7+KAQ3z+wp1kPjV5JCf/NrLbs+SrpLw=","qkW+6VXFYoDrzhLQ7UgMb0RZKRHddtFf9T3IppeZrnc=","bo5yB31X4IZRMk1ezd5ReKFMYXAQDo9Q43KNGC4JaS4=","jZd84xjACmwxbFf7GMavvITdO904iY3teo1EhSTgvFQ=","wKsF9eifIPA3RzdwDZeTy7pHpGoskl+we+Rq89RtjqU=","2zDrM0eeNf9zjetc3e62WXXQaggHrK3myFxWPfAyz8M=","90/tFweVhybJpb3BHUZ179PyddGXTK6ZSnlAB1rX3MM=","RK+VhXA9p16OeJff4SWHio0ObvBh+UOjF88ZgBCdWi0=","8v2qoUj3vEGnBZN48RmOrchF9VGmAaMTQ/+i9NK9JW0=","iKFru4zj467SCa+jZOfpYGjtUEs8H3NcA3BGOwD0GZw=","UOXpz1dcCHbPM7xSGJdUZFGpUkpk6U6lAxdMEfMxkAA=","kq/JMrownkPZXS2tgZMeQvzqgdtDS6pCUf9jdJYna6U=","6TDdFH0a5lqCBaicLW0zOkMDsPML7X3EZeURMpY9UZ4=","iF4Y0QRKjGkTmpGAGROYgHkSfmMmUcoRRh2CFPOpGVo=","PJqaSiIEir+qozazF1+QuKiOUshT+F/68dqcDvUxmX0=","DBQR5JLNRQh52iRU/PPN5nGtsU+HjFNJORfYK9yFw6c=","hOWipNk6vSSU51ApSCbewt7amnZUGnjK/8sesRoXY+E=","UJSj3z6ciCwkPmUsDCKLyMF9dSpj0gzeCV/aj5tQUvo=","bbNdvspFKHKGM8FvEuD35au+ahyK+WCb2fsIs808EQM=","E0x2ogJRPlNYeXIMSkKYt7NVcDOAzkmX5xi/dO2nh6s=","7X7cDuhkQEWgg8N1Z38Ht6H9558kbtZQ6RFykUZquSI=","1oTfLEgODLv97nepL27wKTFKjrgqmdhAETaD0O1s9dc=","/J36ICBJLp8mBzHPM+rHb8a2PL3NmZjQLn8a+NH5NLk=","iOjifJH6FbC/CfZS4f3RrDdRL0CJKfZaBzSxptX0hmo=","DD2zZxq3+KTpu8asIsjmzfWLheZdwfqEFNxstsP+5YM=","43WLsA7+qW5yMZow5Lb8Bpg82KCPg61ZsjFJkPEHJms=","TMZn1VzYUIIbh2PA0ucQn8d66X2HMhHg/I0GY6xypaA=","CxUOhdFdwEC9Pkof2RDeR0L+t89fUaMMog/K7LIy8CE=","ncccyMmVwgxmK/TBJnWn3zgab7vlXCg67k/ISbih3a0=","KTXtybUEQFn/A+rHWI1EyNjjHKvobLbStpR3HVleNRo=","N/WbE/QIQQNUOcNbEbnfqOZ++19daGvSLNzi1eMAvig=","GoYTrTfQieSLDfdUtJ7YDyhVpl/fxt5D1bX+PYETSQE=","KYQpyRa8DtgrelfKinQFz8tySzlkoKBFZAGxVEXqlA4=","ykKI/U9ac/9Am+mbmvvPLU1ErHnga8utu29KPXkNxg8=","lj+pogRLkqg7fiKtZM0oeURvztx7ttpO7bsQC1s0L9c=","Ws+qGy0m6CnLAZE9UgR8PNCF//hnZQdHzdIbSTcFmgY=","p5ipqtWUak8sZoL9t6HCewWbYeWTU08qngjPpeqq3K4=","+G4yGgIijG6A4NFfKIrfD0Qq54DC6AUshje2wJ1mM9A=","qoMAaGljKdGICQvmhbJRRmzwHi9TtE2DOdcr+HPQkVg=","uXUIt3patzP3EUNTyQvIz5Mmkx2fys8PA1yuZWj+oZE=","Rlk6b2eBfiBk7hoBAovDPKxqkwCSDUwquXLsASLSLtc=","i4S5TsGI5bMorIP8ctassFsIf3pZP3SgziCJkBDMBho=","febDuQ45Ahv90cQfj0ZCPQAD4vMASsAvWj8jsafWqKs=","xWu6+cHOfFXUAJpW43zansHnLpFix6uCEqV2u0CMD4A=","pXVGHpI3lS9zG6gix2540l3uYRJ6uZJkx/gzNOkJwpI=","tSWHjUtRZbhZzUBatEy08HQodq/mz189B12tj1fzsPA=","aDyGLjUlkr8Uba5u0N3ZfaPlC/mOMNtjhdrlw1DZO8Y=","7arD8z+lyFDeZLMN7cBe2Npi7R4K7n7NzaLcP+ZbQCc=","XdG6GS7f9BFfNDvMdGGbG2Z00f2WFIyxDjJQVn7PGRw=","lfRNMDmlTi27K3DhcAdK6BTn9GGB1kHPnP3znTT+a2g=","lvmOBVO5k7Yy5iiRpv/Ja5Q/1OvcwzIRKc8Pbt5KLuw=","bFWv8AyybsDgNvyIEs70wxSWCdtnASuyFhge7K/Yw9c=","ujbm1cKlQbC4Ak3JL3+ry4RSNbpJrUQBFBaFXNu9jbw=","BvvbVam0yn7y2Mg23WYa3V17QH0pbC8qN3CCQIPSpl8=","lBjaaKuilVozWPzOllk7KYEL7lGibt4ysewgTHhglp4=","9ii5BtF7yxVJ65soVF6N463eMBj8ut7KgsEHLN+s5vk=","n5WVJEeZhP3J/fvq0EkHNQvmYwwJtgZvlIFf/7nUqvQ=","xCcSNqrHUnBrokPfUEXAqSHH8Wi/wdNE33sguDAaQDQ=","21uu1uRaTMvx0s6zQbOJ8w2IQFcR6UX7YAatBPaIQLA=","Htn0BCS4KwDkLOTqptV+Oy9pr9qba6BM3v4QTNo52qY=","41X5Z+DCvXYE12TjYzDc7ikr+bUzEM8H2P7hsGj5Krk=","8SB0W16OmV4U/wsJw+9pKCSth784ZlgJ+dFfsCNysFQ=","5B3xpJMCL49yfqAZMsa3ssGM584Dmj2Sb0FMbB2yNv4=","A5ip91jQrUbzSM0CQom6xPfKSoLr8ewGJcrmKMsJdFw=","inatMOUNFzQKAsUZ+l5qH/C+UGEE+bxaqejSYEltuvM=","gfyA0KK0qWrw6XQ6wY+n7uNTXmwY9kJhhoUOwBFd6Zo=","qBvifqh7P2eYvf2AvlN8UTr2IlZQhnZU92YoxuAlLEs=","ckJxNIsn2yVcni4XZ3VjXXVhQDHxqSElvLNZfBM7BaM=","d5GNcT63TmDdLmg945s8wvPoVcJFm/1ycO8LNrBx+f0=","Z4VGOhwcKLzG7zPPpp8b7Ba+HGCP7bT2TVcEbV6FptI=","PQmDVQanftz4PNFXs56ukSE3yQrXiC+Vdm3669eF4t0=","pMI5m8LpoCDj3PEAj+VHwasFhalMd5OnWhHc9auHj+E=","F4EkpjaHU4BIHxY7+3bn33bPC3/isSB6G3sFOpCGRBc=","ihLzWzj/8sS7uhxvbWEATx4gzt2tP+2K2qB9wIvVEaM=","ZJ1mV4H2ElC+yocrfkDzCqh8NmwkpKIlYbIkXEX2iV4=","yv0ANU8USL//M7YP9/vtjc4RGSzVSNV9i/rnhNxYuIA=","fjL2biJqZ6HMQRwcY7EsEW51lYOPWpk5hnyHBNx+Tpc=","ABt0hF6gp4B+zl9YiBm8fhflLBMvAqaZMwCun0+1w58=","1TmlUKy71E6EnH4FYpL/CNU/aOpdoF4Iw0kulcBvG5g=","2J9RFgvWKxWzN+NJsEwL+6lMn92mRFpRtfIiY1fdXV8=","RXmYoQHKaTPE3Al2CmPJ9Nr0dyGHC/OKe5IAL9uedkU=","ndq+qaq7DY6+yl6ZU+kkMj5KLOcMyPG2TGzfmDuG20M=","7WOULoKm+5xwaLrRGisY/gHSYMtwrckFkv1/EWlB9Yw=","rtHLCBZPS83BbbbFd09ckXkY7T2SiZNI1Qaf5uq+Z14=","uyUPdsTSTdwtP5m+XAKaxN63/fO2Y3LfdwVZhNcAfiw=","m01u5bq0FLR2L7jlYRDUVm1pU5yLW4mODTIz3hofwJc=","GH3YCwIxMEmKDsCavA4CTx8bbsGaJq6VY0X6NPP7Bw0=","pMfF8TpsvjbxZP2RDZmewpY2ju3Iqn/Zu29j+shx/sE=","TwM6pGb0XEUo3g87yL+h9CRKou9XEWiB+vMvRSk4CIU=","UAjRfqbhsVaOE+J+X9b4SxXlpDd8QuEDUWt80A2jKfY=","9tluqY1u1pI50TaJ13LGdn8AlO/hDwBozHV61CI8m9M=","ZcISudtqFZd00noi6P40PVJjkz/UW/OIiU6qUK/mRcY=","a5+Vq685TJ14HFIzc85HfW1msiqfQ+PUvz+nrlTNXcc=","qkI+H6B2XEZtsOlEPQJhiNY78wA1K9KembkNkWT1Cmc=","hN+jK/Ac6+Mbkm4zq2SJTUUVp8Wdi/1QcduhfV8RHbg=","b7JZHhG7CXjHpfuvo3nUxjv+GPpwK2KRRKVPdtaaAns=","jOkucaOTUpKc/ZbFc/wcv0hrd/9uwd0gzsMeS+wrOQM=","P3ARBSGXvKTbPwt5wNkz4CIrLCmYpM/yMx2OYfZ0Wyc=","KJaBvA2nKLOQ7LlCF/tXH92eS++DeGoKQEflrdadiOg=","Dw71GGna+N6N/F8s+cWS1I5cZisGYShoJVFWEtxy3PY=","qMAnZfjzHcfqJEKb8q0k+y2sIoemnXViO2gSYhIUmxk=","HYYIfZZAaU+qPj1EmC4W8gNPldOLC0BhqZhuQiIlyfY=","sjsWmSuzqWShmDRNC+oYI1qtXFN4qdDS/Fa7tscs8UI=","CPuNx+sKa2ffFEoy38JSmgWvLO7JxYF78ZBOuMyrQII=","qkO5oa4faVaW/eteA0NftUe3y86XvzF9ddt4LKFBSOE=","kT0VrxKwojlw1yEyD8X0zZImIPv8z0jB37Ur29l3KWY=","WzXjuDRCTL9RJq3wU5OEZXFnF/KhSXidegcgGzSkCwU=","hIzU1p/MFbcuQ8LF1Mai0F/BnBK9oexvhWsXBDD1Oiw=","r39novuXPf9xnKQQ+BRTqDHTdwX6cICW3lFTGB1l5sE=","ZhyrhsKNSxqpv0GmX9KeVDr+HNqQfAULJ0m4t7J1kFY=","XgeBZZTbAC8fsvBIfl+VxJLDWf3zLqteajnxd1aHFeY=","KfSLeojRCORRKolsx5xWLsTSbTq5I0cUkE+3jcW1tO8=","gwfb4rbuFYkMq0tGATvgNWZYo8vUnP+YDK4P1sVuLRc=","1/uMBHjJpNOlQWC9E+fH0eVfbxjdD3T/Q6kNhp4nQyA=","NxLdaTSFzKFgYN4fcFBK+QQxqO10CgJeCiBdgsldoQY=","Xj/qyifDsrFzQ8QjxjezSiTTIjxQieP4SY6q0UZBTUI=","2X6jEXSbpFU3vkkY10JSYo/mKzCCfZs4lWODHppGyEk=","wWWKvk7pbxx60HCUUo+M9bECcL0zhpFTs9tvf9G3R8w=","lLEhMroj0fgbK44/kCUEVn7ZBqWEr6xbD4kDNlmbfiQ=","t35VO47FdZSvK5QURBLYCkd8/LbMn+oKplpsMLu/lcc=","JxYOTrkhIII29xhQ7Qa2luHlZ/2Yr8l+DDh2ncHLfuw=","/zs/PfZhS29+/eZfvYiShQwS9XDU3/PFAfysZrKtaBY=","tK+i6X2DwrpK3ZtgTFSUmDF6F5vTOc6jlRbaebGND7A=","/fP74o+XXn0Gdv75mIrjAlKCdGHwH2AYKRIV+PiiFtA=","vG924IWrb2t+4wTvfbC5+lyhekecvc5W/m/O878pbEs=","qj9chnzw+makpu6R8uReNcN3CfYsISC8CNVzXQJ39T0=","vEMlkiLwCxcsO4UmaXnfNdNk3ykYKU7TInipYMjNRUc=","vJ/bzD+/SivBXx6z+v9ZHaW2lTvxP8Cg9T28SncZ8Ok=","ZN9MVR5IujNzhW7oh1pNV69NVutADTWp/HU+J0Gl4wM=","aasIxJfnME/l4iN8HvPAPDUeCHXyDs5dlMJOWAEqifA=","PC9f1wie26X4YCSQ86Ug3KuY7h/OPpe7yQIGE08bbrI=","kq9dABmaoCfTVO6V53pdzIR8uCXxfEbNp4Lh/rZvOVU=","Cc+x7B2IZvARQTrSWfLRgKk98x6XGRYvxyX3b+S6l3U=","NMTxpCX4qW20dibOv0Z22XefghJs712UP6Phb5IwMZw=","iRznHprukOvzcV9dIsmS+vbLsQAVnRiCoYE0MfjwxTE=","+2EjFFdJBd0GBzviDKWTM9gPQwpreqQDRZleq5GNvjc=","lkAomrnO6C2caCRmb9QuPDdPENpLfEeMHfmSYCIxZQY=","G7eghv3Muo+vEbj52pPcCBNZgCvfX1YAQL/I0JFBA2M=","a2RwqqgaVGqJ9faEdte79y6godqBa6pTZ2DpR8Em5OQ=","zmsloCm73KKzLMSchIoLl0nfOYovoyolbx3sZMX5VJE=","uZo1dayeyVagAHRX0GpoqFkzFW99pCvXdjFtZUtUbxs=","JnSIzi7+9e947OJ9N2u7G4qA10PzXKwQVs7fK0vcmao=","lvd7LjY1+QMuUkNPs8PGYqn4aZxihECtC6T3qI1xcp0=","M7eULChdpv+3Umv9tOyMu0qAcBPUBdylCjlvGfWn80k=","QFEfJ5H/KBviCpEBhC2iYCurYn/VKrSuO30JkyqJ5Zw=","sZ63MgxPQRCno6ktkmbVkc0mvQdIhXE3A4LCIE4H8qM=","o67iUAjlSYaiEMINtYqhSk2o0vWxx1wcuHLrHv1J6zo=","ocfI4yzC3DkJtgI1A876lVRkODEHoSvZiHZGPlscwjY=","0OGq0XVg3g/7A7ypJSPgSlVa/BgUKuCTjAd5LL59eDg=","HV3POjZi+loOPHnPDVmzfbVOwIfr/wi//o3TKlmxrZw=","UbXjwFCnFlXJo2c/Sk8eHNVvf8zivASxS+4o2kmGBhI=","mV2XALkaGugxxApcEnL60glOUSJkMNzMn6gkn6oBpkk=","AI9oV6r5dniV2xCuEIxhxsY3XJfTRARbZWIUMjdStsk=","PSZFOVh7LgnZ71DVn/bg9h/DUQYzDYEMJpMo+d2x2SA=","kkdA+EOUUj1Xvbnx0Q/RuVXeYAOD+5zKl7/3M8jhPXI=","Nl3pm61ZjM9S/wbm6aKfMfvX5p4BtumJWrXFbwkEFwM=","Uq/LKeVSO4tZ5llBg4OknEnquQzWvEUsFCMlGpxlhpo=","JAhTYj1o5PH1kpMSu7b9qNL+0y92yhkIvY9ADt9+gTE=","R++P5XL56QnlWq/BknhN9LH+n/ar16u/Gu+fBtemX6g=","5LIUrJlytNnGmmJhU7ogDGLRqWNSDAXIr5qyuKdy1QY=","vcoFJbd2B1MynuyKrK+GbCnwkKP1lMXvV8zcV5PW8AE=","f0mO6f76IPidikC4Yl64RBOyFQWZw1qAiT5Neko13co=","4i61KVhnPTv5rwrngNz6q163Didmf7WLQSqyVUtBzEk=","uFbWqFCOIAXFKqqysnhaot/D9NMr9SHpcTXIQ0wg8f8=","AMEvEHs9xUaAdPU13ZNi6nqLU1OTJNlpwFAhF6fKiUA=","uziuDn0tWPm5t2XG8E0skQWZZbY/pkk3cP4GrUlilX0=","+3N+szFCDf/wpKfa9Zyd0wwbnSEXAAKOY60piT59qM8=","Eg1pwa8B9JAW9Vp4burxw2w+XW7wA3b0FCRQ1TMjhx4=","T6bZP8jJVG2aenkmlaE4SOgENgbtiuf0w1skVQCUrV0=","pzK03IQqSIIHDvKGKuMdpzJDxgrjLFf211ERPRNP94U=","5y0s2CmRmA03/iwDCKttsYqgFWBw3REKKhMbvEMlV70=","y3cPZJdnchO2+8Dk4VEX2uVTdjUJJOzmKGDRVwQfRlM=","GhXFgBGu60pZDSPIlOzG05h0itjIt/nHvunOyQoQWI4=","aQqlSTr+np0XUplZa5uKqhZuzEZqu/NKija9eJld+2E=","C7wGV5r4ZQB7AcwA5XA8juLwVcJKGmmEAYVQPZrSHAs=","DOxVrKSQmxrI80C6fBST1TUS5NmfP8wHsAI0vOM+hrM=","UVrZdTiLVK07VlBYONqgNF1vg1JV9fqNvXIbmDyPpU8=","qIvNvEnSCySfUSeUkFTYxjr0bYUOvFLD9wob2oonfJM=","9O16pZkEfVilLHF8sFJU1iaDf5M91XXD2DOADPe1K/w=","/fvuDu1Q7nQRNBee14yP6Ecu7OSLLt4dNK2t3o35x40=","UiCMeG3qFE+Rfb9WG7gAny27yILNBRutzlvaxlhuMBY=","zqJhf1ORisVxpR9qN8WC1wpedbKKZj4Mk8lgqM+aYwQ=","7PTR90Zg1UuQ85EI909jAOb6cMBdYGBdT7GVWyASXSA=","86XBuAsXZtnC+pEHL250zZPpfn8sdy6dtFt2SGx69Xs=","vXHarbd5HMKjlYNs9ZG4ClZ3GkcKYOtvDa4Q6kmSFMM=","cwiA1NXBpgrn8Q5qB+3acbe8nGhXv17Co5L0cvh8z0E=","EjThRrVnGfXNzDLcDWHWWiTD044G/jbtXe5rLcRstMk=","XsI21hi5V0IHxbLoU3hSbne/Ph8hD60PLWAknV2nYRw=","oU8ZFd5W2VmNQyAStlSazbvTU+4PWu5szlMddrzCgFs=","69bybevdcGmYIk6IxxxvcDdYMU0I1F0oWqbsdsbwFRo=","CdxQmurdYIoxQyAyD1M0YMdzP0j9gGH2z1LrRK2fl/g=","duZfjVaR0P5EpVOsv/s+dAHnJvg7WYUoImZMvY5hc7w=","yF4/GP2HxCaqQAH07ZswmL1g6Lg4PLX67pD/VAh/Rcw=","S2aS45w8OWcUGDtIBU2WUcRHZvm1+UsTTiE/vR+ek+c=","vLqeGIf8Wdt9DfVE1YxknrWtu3hRaR3x5ZiV8RVc8Cs=","zcAfY1nULp14ytZO+1UnvYw3ztPhBPpnPyJ4sMrrPPQ=","/zjFRKcjkbCLexcLor3qGlyJbpZIx6PfPHu4fZbLn64=","/BxR5XFPFb+KVbDzrFWDzDt97np+DGkzk6T9NRQdMS8=","5hW022a4QcZD6UGhakEM2rmvtbf/DgrVr316bNZWbns=","OJI+wvafQA6xVnDF0979KIzTZi4G27esQSxFt41KT2I=","oCz/+H0D5cnJmk2fmgmtdttdi01vH4/0IXR5slDHqNU=","h/eD3aY4usQSqrPHYBtD9W2hvreDpyvo8dOA+2TDkLU=","CZ3Fh4C24eA0OI2GiCcNN4mlelka2UeFLNvp/TC1xx8=","c5fxfly0EtQV31dien3+QAivasJRizrBJhDrGwWz0SQ=","dpL7bG/DUQf0Rf4YjuU0YtMXhZbFvUWAi4MKvMhiB3M=","FpDhzBVEnzcVKhMhx5JBwrOBHvH4DB0a7wUX3sZCz80=","GveiUlFm5Fw7QoBfyOOIdaHpW5wVtblV784dnC6jASE=","j+jlB9hK8a4OBLF6XeGVbLGvMEuufT3O9l9sixnjOIk=","I0SkBq0gvBbjRaoBoodxfVxhncrSH+CNZtX+4/o/Jhs=","xB8SwjOuMRBcQ9oaCq14pkDQF6Y+d3SNY5NSLmRS8TA=","fS7qwE4gSdB/GonvpxLoWeRsvaT+FWX4C5db4OcsWIw=","I6sgp5XEw6kwNBN8+ePdRMbrjugPi5GbsPlh4sCU1nQ=","xypfqovHceaShNkmzuEu4ExlbtXJ8d0wVEUcbZEiDyM=","QakE5dMl55AgLtrfMRmw7rO6VrAW4TVJgtn26ehAZPw=","sRYGan39OqQAU7jCcq17v7qZ+k5x6agPRlr8aVauU+E=","chPH4y9HaQ4IRFxiQMxpzLnVwsJBywtDtTz3WfmoAD0=","14Jp+UfVUdM7LDrv1bYa1zLKP5ZNUDbHnMPbfSxmj4A=","rVUV8M5CedE2455MWbSgPcN6FRwsr4ASfoWLm4AVbYo=","yV0fvAxkWF/ZGziKUS9+TfU+xzk88LZSlT8cZ6eAB4c=","pDidGSGoNNYBewpPWObbnQz3ySpbLbZF2KUw/3j0zn0=","ZVzyzuO1zL+TKRfhSD3RtBUObgB1Tjx6c47WpGjN3/U=","OqQ+X5UwXMpP4iQrZ38FoN2odYLvaeU9ni+Dv1rXSrs=","gypBS4istXi9QNyYHRrIOHLnYO23aZcZd5Mw/5eehns=","m/Ax7Kq5u8QP6ygM8qBm4Psp95UoPTXW4BixFiQfqZ0=","vzh11AKa9WL0L/cv0lfJuocAsxGM30azmBjrvGwgJwU=","YBBfw/PD0R1iymMjHdcM8REic26ND3FWX3csUXqf08E=","77ULf+S9a0yoBuDco2sbQiL/NVEYoUE1HKUms0piFy8=","83la5EzoUKZKilkR5zCk1EtQhba+yqkAdahnNjG7y9w=","E2+p89UzJnw4sYg4ZuXOe1DEXkZAuJbC3DuFQEY2P+4=","ezbHQ51ZpuxuYf8+eYG6M22tSNGTfTBl0VioERqgZbQ=","HxnFtMEVCo6RGTdsG91gOg2pOU05bCiV17pM7qmPsvs=","w0Dt5fh1ELTgdKIoLQXyMlvyCFS68/PWO9FN2G8AqEo=","yMD/oKnRd//NdVVEaURcMfvwy8bbqsMIBI1P88W/WVY=","4fjwMOeuYNXulX4jJLoF8+hp6eNZYMnkcfiHR4V2tE0=","xJYzaPIE1al54C9wEVgf+W6BhpXRjgT7432NVSvTCSU=","vm3XVpyZu7lXQY3EjdH7OliiIlzHgS0/9NbORfw3hf0=","gBH+s+iXXkjMgij+I+fKZq7riCs2QUmNsTZOvVReXVg=","IPCVzx+jok7PiJchqZojJXFEbjMQCYLECpkcgpm/BBI=","aLVwoo14jLkF5/DGk12rZLG4WqvjsYwfMvDfYp5cPM0=","t6FSj9toe8+iPukmGU7xaQUBAG/PcjBKtoWmjEyW6Lg=","deSSZLWizstwpkO8+vGb96VWIUD8souWXZuPbJL2HdQ=","F/gJZubCiZu5nUo0A6Z6KYlI/VpWv3S1PXi8hMYEpRE=","nu1LdXQBpEZqZCZPcwHaMRtGtKArFt+G1Wlj0QrTjkg=","fFP1/Pjfz3wiej3vGwHjRV6ZwEbwLX4+q5K5EcO+/zs=","icaAw0BkajlpB6gOGVNhHglrndPH/8ApzIlxn2aye0k=","X/G/hDebJDfqBbuq2rbavFG2gibh6q58wPQz6Sjzv8I=","QwGTpOkeV5nF1mW2FLxoqFQvucQSLO7cQ7md8n61cTE=","Fy5D43tnEFeVsMqncWRKgBfCLsvtV8ry2zN0hgpXBLE=","HWd2XIEyOsjIsNItHbzl1HGnagCUHEvF3sHEjPEUj5I=","S9WxLFCaMBW1qBw9seQl0z3/y7gQmORAF/f99ZejpsU=","FNRCl40Cuu+hPLAeYH60rmaKIJRNJMfcMlv8k07TJI8=","xX5cMdkEJlJGonESVHsqknPG3fT3cypa+1F13Bm2AU0=","dJD4hAbryHNCxi2lmJrJCcp2J4NOcWap5duMezrWRUk=","1X8dsYpDcKN71uNPTY64lu1VLSwJdwT8C5d7xEuIaKc=","6y8coSF8798Cds87fcwN1p3kb8kKFVhOR5A0JW0Slb8=","EZ18UHoCgS8ufTov4+eJpp43rBErMwSph5eOfVNj3D0=","w7L4hk4OPTFOkd3pIViS8PriAsmVhsjtCwlV6I16ZJs=","FYDRmjvs+t/ntafbhwvrzGnhh9+0NYauJROz9HZ3Ln4=","V6xkClAwNmeLGLsJertYYrCNB5o2ZG0UmK3hzNrSDJQ=","hX8nkXunbQmq7obrL8Xot/N4O66Nov2jT2TnKfKkh/U=","dHCp3LScuJ0raDWOgMY1pzM9CXSg/sSHvStpamJYzAs=","buwHnsxckGNs25SNHn4koKrZ98XbTf3NzOIILHKh4vk=","u483+vTWJZUG/smtBYu9B5VgeHgeIM727s6JRiknRPQ=","7X6Vj3c3YvNUkz4fudYa2AYrefNQG+lr6XcSMduJe88=","BiriTfq+C5NGTl4eHqbs/qktvRlTudHdV+iF3NVG2Aw=","sXciXNIZn7p2UGJRo4V5tx1l1oHmH4OGwO0hvPO1QGU=","2OM/5iIr9X/G1abjO+fCGE0CPkCg8MbLTar5g7QloeQ=","XTMG4Fg/cQ/HnP3d97zw8OvotF5C+aUJwVf5r1MnjYg=","jYCp98oIs65ZdCQfKqW5B5VsAPRnqQqyrTlDwntNXuQ=","F/pFxmgplmcXrlv5o14WU+RFCE/4wI927aSszA0p9n8="],"block_size":4096,"path":"build/frontend.js"},{"block_hashes":["nXle20x3tlnI6ScGFDst7zQy7xq2Eu/VWZC3g0tnwjk=","Z8H6+wz+xcTPiIcop+Y13w1pvndRpDj1dQXR2VtRV1g=","kJl3HqQpIA3o6KLotThHfbY+egwuhVKS5rYOxnCdROc=","Yre9PBrahH01DT7ZoIDXw5SCsqfyNxjnHaIYfOWSZxU=","6pYC+yYxWME1t+g57vUagUX34kDHIuXYgLSK082y5Ys=","hEeyYjkT//LHVH0n6oPbJMVbs+dzipCJCOSpMHlI4lE=","8zRQmY3/cJQHUxUuKnRcstXvSDA13/8Lb0fUEa9AAvE=","+dxN3LgxQD4yjl03eOipska64pzeaeWo+BYsfF63Br8=","YkwOtG0js1NWenmlu/kvRkplgooX1CHXEg0e0FxJoVw=","a/AD537BN8GxouW7T2vGLHuWhz1dzUX1hofdz7NGsuQ=","gftXWeaxUPasVKNtqTsK54jfwVLYDN7G8TTaiYe5gsE=","ByUj5dImKWv0QtiwvZ3GZ4pwSSQPdfxoc93mleI+AFA=","3ezdYvvJzPa2VPXn0pgI3xEYiIOq52tkRGDSg3lTB1E=","/yoOQJ/r8gC7/xJS+GZMee3TPWT5gGdYTblRX1wcvVk="],"block_size":4096,"path":"build/ng-validate.js"},{"block_hashes":["nztyl8EYDHvFj+1HHuMhx1JcUtC+8SzajUQv8PNQeK4="],"block_size":4096,"path":"frontend.html"},{"block_hashes":["mlVh2Mo5ZVM2dLZ794nW+25EXUGtwiVvh3c9Ut63FWI="],"block_size":4096,"path":"images/Triangle.svg"},{"block_hashes":["fNYVabPrKCEXgeq8YMjKFGMK2DMXhbL9wNlzv8LHjHQ="],"block_size":4096,"path":"images/augury-bw.svg"},{"block_hashes":["OT7EG54IN6HBY7/t8MH8h1a0RQiZG195JTdEs2a8+Ik=","CGWkhjRFwgn/LJQsrXrMv5H9p1DxK5ip2RfLslRcz8Q="],"block_size":4096,"path":"images/augury-canary.png"},{"block_hashes":["EqDUwYqe0Trpb275trQ2fiPlrrqWa9OJk1rTrgWxVKo="],"block_size":4096,"path":"images/augury-logo.svg"},{"block_hashes":["DNmPjInIXAN2IrxRbOLJUhbyrS/ywKtps4nA7u5cGEg=","55TSa+PdIeljJGFmlkMssrcbkM//a15YZQ9pm71gUJs=","HqMcjf+gnqPYpUK7d2mx8z++ZgTuzbNIgeoAMsYY114=","6uSFUb0aFTeU2LvuQ/zFMwutbh4z+Bj9Dl1fEkVg22o=","SqfDP8GAnPSt8FHuv4qZJhZ+SK/G4nngn9V9975CK+U=","4Gk8RmE84WF1vNxUGovCIBrJvWE/Hewc6WfqIrFM5og=","qQ2v9CZIuLsEgMW3wiTWtGAzhT2TNyG6b4oENv8mhtc=","wn4Qn3owmxaTY4KeVtaj9fKKy/D9g1XBBT+puyztrRo="],"block_size":4096,"path":"images/augury-popup-icon.png"},{"block_hashes":["66j3x+uFDc8lGHLpU7pwwerLokOTSvYXadR2iDQMtTs="],"block_size":4096,"path":"images/close.svg"},{"block_hashes":["dG6DJo3rlGq6kQWwg4lzpNZTSI8moTb9GYjH6xb0MeI="],"block_size":4096,"path":"images/feedback.svg"},{"block_hashes":["Y6LaEuzsPmc/qjg/CNYI9sIWOjtDsOZ4xNrP7FkrMYk="],"block_size":4096,"path":"images/github.svg"},{"block_hashes":["P94g2vD0QmozaRX7F4UHPplrxLTVynTWJgcg9PenCEk="],"block_size":4096,"path":"images/guide.svg"},{"block_hashes":["Iuf8ADb4h5eKsm+Avh+pRPC4bkxWdKS4qOAYWdJCjWU="],"block_size":4096,"path":"images/report-issue.svg"},{"block_hashes":["YKlPPDZZTQssn60E8+65EH8vX+sJT/Ysfge/IvfMCfU="],"block_size":4096,"path":"images/search.png"},{"block_hashes":["GkGOYzrhAehAUpBNKUZym3WYZIzt2Z84N2UoHB88gIA=","C7GJLOd2IA4LVBMf0Gu/L21SHdv+21jS9V1f9TILZpo=","YvdJK2kYs6B+LrqvFApIJFXy8NAOF5AFvY33/8sGovE=","xMi9g2fwhNqzEIjSjB8Lzwabbt9vYJViwjxqDUYItqg=","n6ZUgJ9WR4QwyRYwizKNOZ3DPLOne6PLASGTJfl/0LI=","3VHQsxJWMQ+3rsIMRElhRZlmkcJw5DPsd0BRiNJDaC4="],"block_size":4096,"path":"images/toolbarButtonGlyphs_2x.png"},{"block_hashes":["Re5Po7UVA/iDe0PFhfOUAGM5ni7WKvacFRxUvb2WlAM="],"block_size":4096,"path":"index.html"},{"block_hashes":["DbiGgnHLaL5+q5xS7/aLlerwbGhWC9Yopwtt6UdQglg=","Nsgah43DwUCd1tloYfPe+bfMmrB0NRvNLLaMdzJOHlI="],"block_size":4096,"path":"popup.html"},{"block_hashes":["vbKeeX+UalPllRYs53kWBq86tcHyTGsAT01CNMuzBzo="],"block_size":4096,"path":"popup.js"}],"version":2}